,event,x_coord,y_coord
0,pisztolyos,23.605117571992587,46.777913902590704
